"ref","value","footprint","side","x_mm","y_mm","rotation_deg","manufacturer","mpn_candidate","preferred_source","manufacturer_drawing","status","footprint_checked","pinout_checked","orientation_checked","cad_checked","pcbway_sourcing_confirmed","review_note"
"C1","100nF","Capacitor_SMD:C_0603_1608Metric","F","64.0","79.0","0.0","","","","","UNSELECTED","NO","NO","NO","NO","NO","Exact orderable passive MPN/voltage/tolerance not selected"
"C10","100nF","Capacitor_SMD:C_0603_1608Metric","F","63.0","86.5","0.0","","","","","UNSELECTED","NO","NO","NO","NO","NO","Exact orderable passive MPN/voltage/tolerance not selected"
"C11","22uF 10V","Capacitor_SMD:C_0805_2012Metric","F","60.1","94.4","0.0","","","","","UNSELECTED","NO","NO","NO","NO","NO","Exact orderable passive MPN/voltage/tolerance not selected"
"C12","22uF 10V","Capacitor_SMD:C_0805_2012Metric","F","63.3","94.4","0.0","","","","","UNSELECTED","NO","NO","NO","NO","NO","Exact orderable passive MPN/voltage/tolerance not selected"
"C13","10uF 10V","Capacitor_SMD:C_0805_2012Metric","F","30.0","59.0","0.0","","","","","UNSELECTED","NO","NO","NO","NO","NO","Exact orderable passive MPN/voltage/tolerance not selected; R42 relocated outside MCU antenna keepout; final CAD qualification pending"
"C14","100nF","Capacitor_SMD:C_0603_1608Metric","F","30.0","56.0","0.0","","","","","UNSELECTED","NO","NO","NO","NO","NO","Exact orderable passive MPN/voltage/tolerance not selected; R42 relocated outside MCU antenna keepout; final CAD qualification pending"
"C15","1uF","Capacitor_SMD:C_0603_1608Metric","F","34.0","58.0","0.0","","","","","UNSELECTED","NO","NO","NO","NO","NO","Exact orderable passive MPN/voltage/tolerance not selected; R42 relocated outside MCU antenna keepout; final CAD qualification pending"
"C16","10uF 10V","Capacitor_SMD:C_0805_2012Metric","F","39.0","96.0","90.0","","","","","UNSELECTED","NO","NO","NO","NO","NO","Exact orderable passive MPN/voltage/tolerance not selected"
"C17","100nF","Capacitor_SMD:C_0603_1608Metric","F","42.0","96.0","90.0","","","","","UNSELECTED","NO","NO","NO","NO","NO","Exact orderable passive MPN/voltage/tolerance not selected"
"C18","100nF","Capacitor_SMD:C_0603_1608Metric","F","22.0","77.0","90.0","","","","","UNSELECTED","NO","NO","NO","NO","NO","Exact orderable passive MPN/voltage/tolerance not selected"
"C19","100nF","Capacitor_SMD:C_0603_1608Metric","F","24.0","80.0","90.0","","","","","UNSELECTED","NO","NO","NO","NO","NO","Exact orderable passive MPN/voltage/tolerance not selected"
"C2","1uF 10V","Capacitor_SMD:C_0805_2012Metric","F","36.5","92.5","0.0","","","","","UNSELECTED","NO","NO","NO","NO","NO","R41 raw VBUS 1uF/10V; TOTAL raw-VBUS capacitance <=1.5uF is a conditional disconnect calculation requirement. MPN/tolerance/hotplug ringing pending."
"C21","100nF","Capacitor_SMD:C_0603_1608Metric","F","30.0","87.5","90.0","","","","","UNSELECTED","NO","NO","NO","NO","NO","Exact orderable passive MPN/voltage/tolerance not selected"
"C22","1uF 25V","Capacitor_SMD:C_0603_1608Metric","F","46.2","27.0","90.0","","","","","UNSELECTED","NO","NO","NO","NO","NO","Exact orderable passive MPN/voltage/tolerance not selected"
"C23","1uF 25V","Capacitor_SMD:C_0603_1608Metric","F","48.4","27.0","90.0","","","","","UNSELECTED","NO","NO","NO","NO","NO","Exact orderable passive MPN/voltage/tolerance not selected"
"C24","4.7uF 25V","Capacitor_SMD:C_0805_2012Metric","F","47.3","42.0","90.0","","","","","UNSELECTED","NO","NO","NO","NO","NO","R41 active source snapshot; previous review requires reconfirmation. Exact orderable passive MPN/voltage/tolerance not selected"
"C25","4.7uF 25V","Capacitor_SMD:C_0805_2012Metric","F","58.0","52.0","0.0","","","","","UNSELECTED","NO","NO","NO","NO","NO","Exact orderable passive MPN/voltage/tolerance not selected"
"C26","4.7uF 25V","Capacitor_SMD:C_0805_2012Metric","F","24.0","64.0","0.0","","","","","UNSELECTED","NO","NO","NO","NO","NO","Exact orderable passive MPN/voltage/tolerance not selected"
"C27","4.7uF 25V","Capacitor_SMD:C_0805_2012Metric","F","49.0","34.0","90.0","","","","","UNSELECTED","NO","NO","NO","NO","NO","Exact orderable passive MPN/voltage/tolerance not selected"
"C28","4.7uF 25V","Capacitor_SMD:C_0805_2012Metric","F","55.2","34.0","90.0","","","","","UNSELECTED","NO","NO","NO","NO","NO","R41 active source snapshot; previous review requires reconfirmation. Exact orderable passive MPN/voltage/tolerance not selected"
"C29","4.7uF 25V","Capacitor_SMD:C_0805_2012Metric","F","64.0","39.0","90.0","","","","","UNSELECTED","NO","NO","NO","NO","NO","Exact orderable passive MPN/voltage/tolerance not selected"
"C3","10uF 10V","Capacitor_SMD:C_0805_2012Metric","F","40.0","93.0","0.0","","","","","UNSELECTED","NO","NO","NO","NO","NO","Exact orderable passive MPN/voltage/tolerance not selected"
"C30","1uF 25V X7R","Capacitor_SMD:C_0805_2012Metric","F","66.0","39.0","90.0","","","","","UNSELECTED","NO","NO","NO","NO","NO","Exact orderable passive MPN/voltage/tolerance not selected"
"C31","4.7uF 25V","Capacitor_SMD:C_0805_2012Metric","F","28.0","64.0","90.0","","","","","UNSELECTED","NO","NO","NO","NO","NO","Exact orderable passive MPN/voltage/tolerance not selected"
"C35","4.7nF","Capacitor_SMD:C_0603_1608Metric","F","66.0","108.5","0.0","","","","","UNSELECTED","NO","NO","NO","NO","NO","Exact orderable passive MPN/voltage/tolerance not selected"
"C36","10nF","Capacitor_SMD:C_0603_1608Metric","B","65.0","98.0","90.0","","","","","UNSELECTED","NO","NO","NO","NO","NO","Exact orderable passive MPN/voltage/tolerance not selected"
"C37","100nF 10V","Capacitor_SMD:C_0603_1608Metric","F","20.7","82.7","0.0","","","","","UNSELECTED","NO","NO","NO","NO","NO","R41 active source snapshot; previous review requires reconfirmation. "
"C38","100nF 10V","Capacitor_SMD:C_0603_1608Metric","F","60.0","65.0","0.0","","","","","UNSELECTED","NO","NO","NO","NO","NO","R41 active source snapshot; previous review requires reconfirmation. "
"C39","1nF C0G 10V","Capacitor_SMD:C_0603_1608Metric","F","66.0","76.0","0.0","","","","","UNSELECTED","NO","NO","NO","NO","NO","R41 active source snapshot; previous review requires reconfirmation. "
"C4","10uF 10V","Capacitor_SMD:C_0805_2012Metric","F","43.8","86.8","0.0","","","","","UNSELECTED","NO","NO","NO","NO","NO","Exact orderable passive MPN/voltage/tolerance not selected"
"C5","4.7uF 25V","Capacitor_SMD:C_0805_2012Metric","F","45.5","88.5","0.0","","","","","UNSELECTED","NO","NO","NO","NO","NO","Exact orderable passive MPN/voltage/tolerance not selected"
"C6","100nF 25V","Capacitor_SMD:C_0603_1608Metric","F","47.7","87.75","270.0","","","","","UNSELECTED","NO","NO","NO","NO","NO","R41 active source snapshot; previous review requires reconfirmation. Exact orderable passive MPN/voltage/tolerance not selected"
"C7","10uF 25V","Capacitor_SMD:C_0805_2012Metric","F","51.0","93.5","90.0","","","","","UNSELECTED","NO","NO","NO","NO","NO","Exact orderable passive MPN/voltage/tolerance not selected"
"C8","4.7uF 10V","Capacitor_SMD:C_0805_2012Metric","F","48.5","93.6","180.0","","","","","UNSELECTED","NO","NO","NO","NO","NO","Exact orderable passive MPN/voltage/tolerance not selected"
"C9","10uF 10V","Capacitor_SMD:C_0805_2012Metric","F","59.7","87.7","0.0","","","","","UNSELECTED","NO","NO","NO","NO","NO","Exact orderable passive MPN/voltage/tolerance not selected"
"D1","MBR0530","Diode_SMD:D_SOD-123","F","49.0","44.0","90.0","","","","","UNSELECTED","NO","NO","NO","NO","NO","Exact orderable passive MPN/voltage/tolerance not selected"
"D2","MBR0530","Diode_SMD:D_SOD-123","F","56.0","50.0","0.0","","","","","UNSELECTED","NO","NO","NO","NO","NO","R41 active source snapshot; previous review requires reconfirmation. Exact orderable passive MPN/voltage/tolerance not selected"
"D3","MBR0530","Diode_SMD:D_SOD-123","F","52.0","48.0","0.0","","","","","UNSELECTED","NO","NO","NO","NO","NO","Exact orderable passive MPN/voltage/tolerance not selected"
"H1","","MountingHole:MountingHole_2.2mm_M2","F","23.0","25.0","0.0","","","","","PCB_FEATURE","NO","NO","NO","NO","NO","R41 active source snapshot; previous review requires reconfirmation. Requires vendor dimensional, pin, orientation, 3D, PCBWay sourcing review"
"H2","","MountingHole:MountingHole_2.2mm_M2","F","57.5","25.0","0.0","","","","","PCB_FEATURE","NO","NO","NO","NO","NO","R41 active source snapshot; previous review requires reconfirmation. Requires vendor dimensional, pin, orientation, 3D, PCBWay sourcing review"
"H3","","MountingHole:MountingHole_2.2mm_M2","F","23.0","116.5","0.0","","","","","PCB_FEATURE","NO","NO","NO","NO","NO","R41 active source snapshot; previous review requires reconfirmation. Requires vendor dimensional, pin, orientation, 3D, PCBWay sourcing review"
"H4","","MountingHole:MountingHole_2.2mm_M2","F","72.0","116.5","0.0","","","","","PCB_FEATURE","NO","NO","NO","NO","NO","R41 active source snapshot; previous review requires reconfirmation. Requires vendor dimensional, pin, orientation, 3D, PCBWay sourcing review"
"J1","1S LiPo + NTC","ENKU:JST_PH_S3B-PH-SM4-TB_1x03-1MP_P2.00mm_Horizontal","F","69.8","93.5","90.0","JST candidate","S3B-PH-SM4-TB","","","IDENTIFIED","NO","NO","NO","NO","NO","R41 active source snapshot; previous review requires reconfirmation. Supplier real footprint/pinout missing"
"J2","Hirose DM3AT-SF-PEJM5","ENKU:MICROSD_DM3AT_ENKU","F","27.0","100.7","270.0","Hirose","DM3AT-SF-PEJM5","","https://www.hirose.com/en/product/p/CL0609-0031-0-00","IDENTIFIED","NO","NO","NO","NO","NO","R41 active source snapshot; previous review requires reconfirmation. Known board access / edge orientation blocker"
"J3","FH34SRJ-24S-0.5SH(50)","ENKU:FH34SRJ-24S-0.5SH","F","69.37","34.0","0.0","Hirose","FH34SRJ-24S-0.5SH(50)","","https://www.hirose.com/product/p/CL0580-1255-6-50","IDENTIFIED","NO","NO","NO","NO","NO","R41 active source snapshot; previous review requires reconfirmation. Requires vendor dimensional, pin, orientation, 3D, PCBWay sourcing review"
"J5","GCT USB4105-GF-A-120","Connector_USB:USB_C_Receptacle_GCT_USB4105-xx-A_16P_TopMnt_Horizontal","F","47.0","117.325","0.0","GCT","USB4105-GF-A-120","","https://gct.co/files/specs/usb4105-spec.pdf","IDENTIFIED","NO","NO","NO","NO","NO","R41 active source snapshot; previous review requires reconfirmation. Known board access / edge orientation blocker"
"J6","4-pin pogo dock","ENKU:DOCK_POGO_4","B","47.0","99.0","0.0","","","","","PCB_FEATURE","NO","NO","NO","NO","NO","Requires vendor dimensional, pin, orientation, 3D, PCBWay sourcing review"
"J7","Tag-Connect TC2030-IDC-NL","Connector:Tag-Connect_TC2030-IDC-NL_2x03_P1.27mm_Vertical","B","35.0","87.0","0.0","","","","","PCB_FEATURE","NO","NO","NO","NO","NO","Requires vendor dimensional, pin, orientation, 3D, PCBWay sourcing review"
"L1","0.47uH DFE201612E-R47M=P2","ENKU:Murata_DFE201612E","F","61.2","91.0","270.0","Murata","DFE201612E-R47M=P2","","","IDENTIFIED","NO","NO","NO","NO","NO","Requires vendor dimensional, pin, orientation, 3D, PCBWay sourcing review"
"L2","10uH TYS5040100M-10","ENKU:TYS5040_5x5","F","58.0","43.0","0.0","Laird","TYS5040100M-10","","","IDENTIFIED","NO","NO","NO","NO","NO","Requires vendor dimensional, pin, orientation, 3D, PCBWay sourcing review"
"Q1","IRLML6346TRPBF","Package_TO_SOT_SMD:SOT-23","F","67.0","48.0","0.0","Infineon","IRLML6346TRPBF","","","IDENTIFIED","NO","NO","NO","NO","NO","Requires vendor dimensional, pin, orientation, 3D, PCBWay sourcing review"
"Q2","AO3401A","Package_TO_SOT_SMD:SOT-23","F","55.5","82.5","0.0","","","","","UNSELECTED","NO","NO","NO","NO","NO","R41 active source snapshot; previous review requires reconfirmation. "
"R1","100k 1%","Resistor_SMD:R_0603_1608Metric","F","66.8","79.0","0.0","","","","","UNSELECTED","NO","NO","NO","NO","NO","Exact orderable passive MPN/voltage/tolerance not selected"
"R10","100k","Resistor_SMD:R_0603_1608Metric","F","51.4","89.4","0.0","","","","","UNSELECTED","NO","NO","NO","NO","NO","Exact orderable passive MPN/voltage/tolerance not selected"
"R11","10k","Resistor_SMD:R_0603_1608Metric","F","53.2","91.4","90.0","","","","","UNSELECTED","NO","NO","NO","NO","NO","Exact orderable passive MPN/voltage/tolerance not selected"
"R12","10k DNP","Resistor_SMD:R_0603_1608Metric","F","53.2","94.2","90.0","","","","","UNSELECTED","NO","NO","NO","NO","NO","Exact orderable passive MPN/voltage/tolerance not selected"
"R13","100k","Resistor_SMD:R_0603_1608Metric","F","69.0","87.0","90.0","","","","","UNSELECTED","NO","NO","NO","NO","NO","Exact orderable passive MPN/voltage/tolerance not selected"
"R14","511k 1%","Resistor_SMD:R_0603_1608Metric","F","55.3","88.3","90.0","","","","","UNSELECTED","NO","NO","NO","NO","NO","Exact orderable passive MPN/voltage/tolerance not selected"
"R15","91k 1%","Resistor_SMD:R_0603_1608Metric","F","53.5","88.3","90.0","","","","","UNSELECTED","NO","NO","NO","NO","NO","Exact orderable passive MPN/voltage/tolerance not selected"
"R16","100k","Resistor_SMD:R_0603_1608Metric","F","55.1","95.5","0.0","","","","","UNSELECTED","NO","NO","NO","NO","NO","Exact orderable passive MPN/voltage/tolerance not selected"
"R17","10k","Resistor_SMD:R_0603_1608Metric","F","34.0","56.0","0.0","","","","","UNSELECTED","NO","NO","NO","NO","NO","Exact orderable passive MPN/voltage/tolerance not selected; R42 relocated outside MCU antenna keepout; final CAD qualification pending"
"R18","10k","Resistor_SMD:R_0603_1608Metric","F","34.0","61.0","0.0","","","","","UNSELECTED","NO","NO","NO","NO","NO","Exact orderable passive MPN/voltage/tolerance not selected; R42 relocated outside MCU antenna keepout; final CAD qualification pending"
"R19","0R","Resistor_SMD:R_0603_1608Metric","F","38.0","101.0","0.0","","","","","UNSELECTED","NO","NO","NO","NO","NO","R41 active source snapshot; previous review requires reconfirmation. Exact orderable passive MPN/voltage/tolerance not selected"
"R2","0R STRAP","Resistor_SMD:R_0603_1608Metric","F","69.6","80.5","0.0","","","","","UNSELECTED","NO","NO","NO","NO","NO","Exact orderable passive MPN/voltage/tolerance not selected"
"R20","0R (22R tune)","Resistor_SMD:R_0603_1608Metric","F","38.0","104.0","0.0","","","","","UNSELECTED","NO","NO","NO","NO","NO","R41 active source snapshot; previous review requires reconfirmation. Exact orderable passive MPN/voltage/tolerance not selected"
"R21","0R (22R tune)","Resistor_SMD:R_0603_1608Metric","F","38.0","107.0","0.0","","","","","UNSELECTED","NO","NO","NO","NO","NO","R41 active source snapshot; previous review requires reconfirmation. Exact orderable passive MPN/voltage/tolerance not selected"
"R22","0R (22R tune)","Resistor_SMD:R_0603_1608Metric","F","30.0","110.0","0.0","","","","","UNSELECTED","NO","NO","NO","NO","NO","Exact orderable passive MPN/voltage/tolerance not selected"
"R23","47k","Resistor_SMD:R_0603_1608Metric","F","39.5","98.8","0.0","","","","","UNSELECTED","NO","NO","NO","NO","NO","Exact orderable passive MPN/voltage/tolerance not selected"
"R24","4.7k","Resistor_SMD:R_0603_1608Metric","F","24.0","86.0","90.0","","","","","UNSELECTED","NO","NO","NO","NO","NO","Exact orderable passive MPN/voltage/tolerance not selected"
"R25","4.7k","Resistor_SMD:R_0603_1608Metric","F","24.0","83.0","90.0","","","","","UNSELECTED","NO","NO","NO","NO","NO","Exact orderable passive MPN/voltage/tolerance not selected"
"R26","2M 1%","Resistor_SMD:R_0603_1608Metric","F","28.0","86.0","90.0","","","","","UNSELECTED","NO","NO","NO","NO","NO","Exact orderable passive MPN/voltage/tolerance not selected"
"R27","680k 1%","Resistor_SMD:R_0603_1608Metric","F","28.0","89.0","90.0","","","","","UNSELECTED","NO","NO","NO","NO","NO","Exact orderable passive MPN/voltage/tolerance not selected"
"R28","0R","Resistor_SMD:R_0603_1608Metric","F","63.0","48.0","0.0","","","","","UNSELECTED","NO","NO","NO","NO","NO","Exact orderable passive MPN/voltage/tolerance not selected"
"R29","0R","Resistor_SMD:R_0603_1608Metric","F","42.0","30.0","90.0","","","","","UNSELECTED","NO","NO","NO","NO","NO","Exact orderable passive MPN/voltage/tolerance not selected"
"R3","0R STRAP","Resistor_SMD:R_0603_1608Metric","F","64.0","82.0","0.0","","","","","UNSELECTED","NO","NO","NO","NO","NO","Exact orderable passive MPN/voltage/tolerance not selected"
"R30","22R","Resistor_SMD:R_0603_1608Metric","F","42.0","27.0","90.0","","","","","UNSELECTED","NO","NO","NO","NO","NO","Exact orderable passive MPN/voltage/tolerance not selected"
"R31","22R","Resistor_SMD:R_0603_1608Metric","F","40.0","27.0","90.0","","","","","UNSELECTED","NO","NO","NO","NO","NO","Exact orderable passive MPN/voltage/tolerance not selected"
"R32","22R","Resistor_SMD:R_0603_1608Metric","F","38.0","27.0","90.0","","","","","UNSELECTED","NO","NO","NO","NO","NO","Exact orderable passive MPN/voltage/tolerance not selected"
"R33","22R","Resistor_SMD:R_0603_1608Metric","F","36.0","27.0","90.0","","","","","UNSELECTED","NO","NO","NO","NO","NO","Exact orderable passive MPN/voltage/tolerance not selected"
"R34","22R","Resistor_SMD:R_0603_1608Metric","F","34.0","25.5","90.0","","","","","UNSELECTED","NO","NO","NO","NO","NO","Exact orderable passive MPN/voltage/tolerance not selected"
"R35","100k","Resistor_SMD:R_0603_1608Metric","F","31.0","64.0","0.0","","","","","UNSELECTED","NO","NO","NO","NO","NO","Exact orderable passive MPN/voltage/tolerance not selected"
"R36","100k","Resistor_SMD:R_0603_1608Metric","F","29.0","70.0","0.0","","","","","UNSELECTED","NO","NO","NO","NO","NO","Exact orderable passive MPN/voltage/tolerance not selected"
"R37","2.2R 1% 0805","Resistor_SMD:R_0805_2012Metric","F","71.5","48.0","0.0","","","","","UNSELECTED","NO","NO","NO","NO","NO","Exact orderable passive MPN/voltage/tolerance not selected"
"R38","1M 1%","Resistor_SMD:R_0603_1608Metric","F","72.0","41.5","0.0","","","","","UNSELECTED","NO","NO","NO","NO","NO","Exact orderable passive MPN/voltage/tolerance not selected"
"R39","1M","Resistor_SMD:R_0603_1608Metric","F","20.7","91.2","0.0","","","","","UNSELECTED","NO","NO","NO","NO","NO","R41 active source snapshot; previous review requires reconfirmation. "
"R4","0R STRAP","Resistor_SMD:R_0603_1608Metric","F","66.8","82.0","0.0","","","","","UNSELECTED","NO","NO","NO","NO","NO","Exact orderable passive MPN/voltage/tolerance not selected"
"R40","100k 1%","Resistor_SMD:R_0603_1608Metric","F","50.5","82.5","0.0","","","","","UNSELECTED","NO","NO","NO","NO","NO","R41 active source snapshot; previous review requires reconfirmation. "
"R5","0R STRAP","Resistor_SMD:R_0603_1608Metric","F","69.6","82.0","0.0","","","","","UNSELECTED","NO","NO","NO","NO","NO","Exact orderable passive MPN/voltage/tolerance not selected"
"R6","0R","Resistor_SMD:R_0603_1608Metric","F","72.2","82.0","0.0","","","","","UNSELECTED","NO","NO","NO","NO","NO","Exact orderable passive MPN/voltage/tolerance not selected"
"R62","5.1k 1%","Resistor_SMD:R_0603_1608Metric","F","53.5","102.2","270.0","","","","","UNSELECTED","NO","NO","NO","NO","NO","Exact orderable passive MPN/voltage/tolerance not selected"
"R63","5.1k 1%","Resistor_SMD:R_0603_1608Metric","F","56.0","104.2","270.0","","","","","UNSELECTED","NO","NO","NO","NO","NO","Exact orderable passive MPN/voltage/tolerance not selected"
"R64","0R (22R tune)","Resistor_SMD:R_0603_1608Metric","F","60.0","100.5","0.0","","","","","UNSELECTED","NO","NO","NO","NO","NO","Exact orderable passive MPN/voltage/tolerance not selected"
"R65","0R (22R tune)","Resistor_SMD:R_0603_1608Metric","F","63.0","100.5","0.0","","","","","UNSELECTED","NO","NO","NO","NO","NO","Exact orderable passive MPN/voltage/tolerance not selected"
"R66","1M","Resistor_SMD:R_0603_1608Metric","F","60.0","108.5","0.0","","","","","UNSELECTED","NO","NO","NO","NO","NO","Exact orderable passive MPN/voltage/tolerance not selected"
"R67","0R DNP","Resistor_SMD:R_0603_1608Metric","F","63.0","108.5","0.0","","","","","UNSELECTED","NO","NO","NO","NO","NO","Exact orderable passive MPN/voltage/tolerance not selected"
"R68","10k","Resistor_SMD:R_0603_1608Metric","B","60.0","98.0","0.0","","","","","UNSELECTED","NO","NO","NO","NO","NO","Exact orderable passive MPN/voltage/tolerance not selected"
"R69","100k","Resistor_SMD:R_0603_1608Metric","B","62.5","98.0","90.0","","","","","UNSELECTED","NO","NO","NO","NO","NO","Exact orderable passive MPN/voltage/tolerance not selected"
"R7","0R","Resistor_SMD:R_0603_1608Metric","F","64.0","85.0","0.0","","","","","UNSELECTED","NO","NO","NO","NO","NO","Exact orderable passive MPN/voltage/tolerance not selected"
"R70","26.7k 0.1% 25ppm","Resistor_SMD:R_0603_1608Metric","F","66.0","64.0","0.0","","","","","UNSELECTED","NO","NO","NO","NO","NO","REQUIRED 0.1% tolerance and 25ppm/K or better over -40..85C; exact MPN and procurement quote pending."
"R71","10k 0.1% 25ppm","Resistor_SMD:R_0603_1608Metric","F","66.0","67.0","0.0","","","","","UNSELECTED","NO","NO","NO","NO","NO","REQUIRED 0.1% tolerance and 25ppm/K or better over -40..85C; exact MPN and procurement quote pending."
"R72","100k","Resistor_SMD:R_0603_1608Metric","F","66.0","70.0","0.0","","","","","UNSELECTED","NO","NO","NO","NO","NO","R41 active source snapshot; previous review requires reconfirmation. "
"R73","3.3k 1%","Resistor_SMD:R_0603_1608Metric","F","66.0","73.0","0.0","","","","","UNSELECTED","NO","NO","NO","NO","NO","R41 active source snapshot; previous review requires reconfirmation. "
"R8","18k 1%","Resistor_SMD:R_0603_1608Metric","F","50.6","86.6","0.0","","","","","UNSELECTED","NO","NO","NO","NO","NO","Exact orderable passive MPN/voltage/tolerance not selected"
"R9","1k 1%","Resistor_SMD:R_0603_1608Metric","F","50.6","88.2","0.0","","","","","UNSELECTED","NO","NO","NO","NO","NO","Exact orderable passive MPN/voltage/tolerance not selected"
"SW1","HARD POWER","ENKU:HARD_POWER_SWITCH_PLACEMENT","F","30.5","29.0","0.0","G-Switch candidate","MK-12C03-G015","https://www.lcsc.com/product-detail/C2890358.html","","PLACEHOLDER","NO","NO","NO","NO","NO","Supplier real footprint/pinout missing"
"SW2","BOOT / RECOVERY","Button_Switch_SMD:SW_SPST_TL3342","F","35.5","79.0","0.0","E-Switch","TL3342","","","IDENTIFIED","NO","NO","NO","NO","NO","R41 active source snapshot; previous review requires reconfirmation. Requires vendor dimensional, pin, orientation, 3D, PCBWay sourcing review"
"SW3","BTN_L1","ENKU:READING_BUTTON_PLACEMENT","F","25.0","63.0","0.0","G-Switch C915811 EVAL","GT-TC035A-H0195-L3","https://www.lcsc.com/product-detail/C915811.html","https://atta.szlcsc.com/upload/public/pdf/source/20201109/C915811_C704946C12D3A7315F3A918018B4FA40.pdf","PLACEHOLDER","NO","NO","NO","NO","NO","2-pin PCB placeholder; 4-contact manufacturer evaluation is NOT integrated"
"SW4","BTN_L2","ENKU:READING_BUTTON_PLACEMENT","F","25.0","75.0","0.0","G-Switch C915811 EVAL","GT-TC035A-H0195-L3","https://www.lcsc.com/product-detail/C915811.html","https://atta.szlcsc.com/upload/public/pdf/source/20201109/C915811_C704946C12D3A7315F3A918018B4FA40.pdf","PLACEHOLDER","NO","NO","NO","NO","NO","2-pin PCB placeholder; 4-contact manufacturer evaluation is NOT integrated"
"SW5","BTN_R1","ENKU:READING_BUTTON_PLACEMENT","F","71.2","63.0","0.0","G-Switch C915811 EVAL","GT-TC035A-H0195-L3","https://www.lcsc.com/product-detail/C915811.html","https://atta.szlcsc.com/upload/public/pdf/source/20201109/C915811_C704946C12D3A7315F3A918018B4FA40.pdf","PLACEHOLDER","NO","NO","NO","NO","NO","2-pin PCB placeholder; 4-contact manufacturer evaluation is NOT integrated"
"SW6","BTN_R2","ENKU:READING_BUTTON_PLACEMENT","F","71.2","75.0","0.0","G-Switch C915811 EVAL","GT-TC035A-H0195-L3","https://www.lcsc.com/product-detail/C915811.html","https://atta.szlcsc.com/upload/public/pdf/source/20201109/C915811_C704946C12D3A7315F3A918018B4FA40.pdf","PLACEHOLDER","NO","NO","NO","NO","NO","2-pin PCB placeholder; 4-contact manufacturer evaluation is NOT integrated"
"TP1","GND","TestPoint:TestPoint_Pad_D1.5mm","B","41.0","87.0","0.0","","","","","PCB_FEATURE","NO","NO","NO","NO","NO","Requires vendor dimensional, pin, orientation, 3D, PCBWay sourcing review"
"TP10","EPD_RESE","TestPoint:TestPoint_Pad_D1.5mm","B","69.5","37.0","0.0","","","","","PCB_FEATURE","NO","NO","NO","NO","NO","Requires vendor dimensional, pin, orientation, 3D, PCBWay sourcing review"
"TP11","EPD_VGH","TestPoint:TestPoint_Pad_D1.5mm","B","72.5","35.0","0.0","","","","","PCB_FEATURE","NO","NO","NO","NO","NO","Requires vendor dimensional, pin, orientation, 3D, PCBWay sourcing review"
"TP12","EPD_VGL","TestPoint:TestPoint_Pad_D1.5mm","B","72.5","41.0","0.0","","","","","PCB_FEATURE","NO","NO","NO","NO","NO","Requires vendor dimensional, pin, orientation, 3D, PCBWay sourcing review"
"TP13","EPD_VCOM","TestPoint:TestPoint_Pad_D1.5mm","B","72.5","55.0","0.0","","","","","PCB_FEATURE","NO","NO","NO","NO","NO","Requires vendor dimensional, pin, orientation, 3D, PCBWay sourcing review"
"TP14","GND","TestPoint:TestPoint_Pad_D1.5mm","B","62.0","46.5","0.0","","","","","PCB_FEATURE","NO","NO","NO","NO","NO","Requires vendor dimensional, pin, orientation, 3D, PCBWay sourcing review"
"TP2","VBUS_USB","TestPoint:TestPoint_Pad_D1.5mm","B","39.0","102.5","0.0","","","","","PCB_FEATURE","NO","NO","NO","NO","NO","Requires vendor dimensional, pin, orientation, 3D, PCBWay sourcing review"
"TP3","VBUS_DOCK","TestPoint:TestPoint_Pad_D1.5mm","B","56.5","102.5","0.0","","","","","PCB_FEATURE","NO","NO","NO","NO","NO","Requires vendor dimensional, pin, orientation, 3D, PCBWay sourcing review"
"TP4","VBAT","TestPoint:TestPoint_Pad_D1.5mm","B","63.0","102.5","0.0","","","","","PCB_FEATURE","NO","NO","NO","NO","NO","Requires vendor dimensional, pin, orientation, 3D, PCBWay sourcing review"
"TP5","VSYS","TestPoint:TestPoint_Pad_D1.5mm","B","63.0","88.5","0.0","","","","","PCB_FEATURE","NO","NO","NO","NO","NO","Requires vendor dimensional, pin, orientation, 3D, PCBWay sourcing review"
"TP6","3V3_SYS","TestPoint:TestPoint_Pad_D1.5mm","B","60.0","88.5","0.0","","","","","PCB_FEATURE","NO","NO","NO","NO","NO","Requires vendor dimensional, pin, orientation, 3D, PCBWay sourcing review"
"TP7","SYS_EN","TestPoint:TestPoint_Pad_D1.5mm","B","53.8","88.5","0.0","","","","","PCB_FEATURE","NO","NO","NO","NO","NO","Requires vendor dimensional, pin, orientation, 3D, PCBWay sourcing review"
"TP8","REG_PG","TestPoint:TestPoint_Pad_D1.5mm","B","51.0","88.5","0.0","","","","","PCB_FEATURE","NO","NO","NO","NO","NO","Requires vendor dimensional, pin, orientation, 3D, PCBWay sourcing review"
"TP9","EPD_GDR","TestPoint:TestPoint_Pad_D1.5mm","B","67.0","37.0","0.0","","","","","PCB_FEATURE","NO","NO","NO","NO","NO","Requires vendor dimensional, pin, orientation, 3D, PCBWay sourcing review"
"U1","ESP32-S3-WROOM-1-N16R8","RF_Module:ESP32-S3-WROOM-1","F","33.0","45.0","90.0","Espressif","ESP32-S3-WROOM-1-N16R8","","https://documentation.espressif.com/esp32-s3-wroom-1_wroom-1u_datasheet_en.pdf","IDENTIFIED","NO","NO","NO","NO","NO","Requires vendor dimensional, pin, orientation, 3D, PCBWay sourcing review"
"U10","TLV3012BIDBVR","ENKU:TLV3012B_DBV0006A","F","60.0","69.0","0.0","Texas Instruments","TLV3012BIDBVR","","https://www.ti.com/lit/gpn/TLV3012B","IDENTIFIED","YES","YES","YES","NO","NO","B fail-safe suffix mandatory; DBV0006A datasheet lands and active pin mapping checked; no substitute/price/assembly qualification."
"U2","TPS2121","ENKU:TPS2121_RUX0012A","F","43.5","91.0","0.0","Texas Instruments","TPS2121RUXR","","https://www.ti.com/product/TPS2121","IDENTIFIED","NO","NO","NO","NO","NO","Requires vendor dimensional, pin, orientation, 3D, PCBWay sourcing review"
"U3","BQ25185DLHR","ENKU:BQ25185_DLH0010A","F","48.5","91.0","180.0","Texas Instruments","BQ25185DLHR","","https://www.ti.com/product/BQ25185","IDENTIFIED","NO","NO","NO","NO","NO","Requires vendor dimensional, pin, orientation, 3D, PCBWay sourcing review"
"U4","TPS63802DLAR","ENKU:TPS63802_DLA0010A","F","58.0","91.0","0.0","Texas Instruments","TPS63802DLAR","","https://www.ti.com/product/TPS63802","IDENTIFIED","NO","NO","NO","NO","NO","Requires vendor dimensional, pin, orientation, 3D, PCBWay sourcing review"
"U5","BMI270","ENKU:BMI270_Bosch_LGA14","F","28.0","80.0","0.0","Bosch","BMI270","","https://www.bosch-sensortec.com/products/motion-sensors/imus/bmi270/","IDENTIFIED","NO","NO","NO","NO","NO","Requires vendor dimensional, pin, orientation, 3D, PCBWay sourcing review"
"U8","USBLC6-2SC6","ENKU:USBLC6_2SC6_ST_SOT23_6L","F","54.2","108.8","180.0","STMicroelectronics","USBLC6-2SC6","","https://www.st.com/resource/en/datasheet/usblc6-2.pdf","IDENTIFIED","YES","YES","YES","NO","NO","R41 corrects generic embedded land numbering to ST SOT23-6L figure19; source geometry checked, no assembly/3D/sourcing signoff."
"U9","TMUX1101DBVR","Package_TO_SOT_SMD:SOT-23-5","F","20.7","87.8","0.0","","","","","UNSELECTED","NO","NO","NO","NO","NO","R41 active source snapshot; previous review requires reconfirmation. "
